year,ur
2014,6.158333333
2015,5.275
2016,4.875
2017,4.358333333
2018,3.891666667
2019,3.675
2020,8.091666667
2021,5.35
2022,3.633333333
2023,3.625
2024,3.8
